{
  "project_info": {
    "project_number": "1038889905436",
    "firebase_url": "https://komeda-57a7f.firebaseio.com",
    "project_id": "komeda-57a7f",
    "storage_bucket": "komeda-57a7f.appspot.com"
  },
  "client": [
    {
      "client_info": {
        "mobilesdk_app_id": "1:1038889905436:android:c46b95d053cc3699cc9ed9",
        "android_client_info": {
          "package_name": "com.komeda_app"
        }
      },
      "oauth_client": [
        {
          "client_id": "1038889905436-1ct50bj05ljf5gnb3ju04sdiplu3qckr.apps.googleusercontent.com",
          "client_type": 3
        }
      ],
      "api_key": [
        {
          "current_key": "AIzaSyCMAF-6F6o1_GUB2nlWygxvWTWqH0wZjV4"
        }
      ],
      "services": {
        "appinvite_service": {
          "other_platform_oauth_client": [
            {
              "client_id": "1038889905436-1ct50bj05ljf5gnb3ju04sdiplu3qckr.apps.googleusercontent.com",
              "client_type": 3
            },
            {
              "client_id": "1038889905436-qfs0at95q67plbbusnut8gj701bt7u08.apps.googleusercontent.com",
              "client_type": 2,
              "ios_info": {
                "bundle_id": "com.komeda.ios.app"
              }
            }
          ]
        }
      }
    }
  ],
  "configuration_version": "1"
}