{
  "project_info": {
    "project_number": "1063382257103",
    "firebase_url": "https://yoneyama-35ce8.firebaseio.com",
    "project_id": "yoneyama-35ce8",
    "storage_bucket": "yoneyama-35ce8.appspot.com"
  },
  "client": [
    {
      "client_info": {
        "mobilesdk_app_id": "1:1063382257103:android:e0fe4499f9ae9c8d1f56ba",
        "android_client_info": {
          "package_name": "com.yoneyama_app"
        }
      },
      "oauth_client": [
        {
          "client_id": "1063382257103-4tkuc6lh60kb1rb6s94j2elgsumvu0h7.apps.googleusercontent.com",
          "client_type": 3
        }
      ],
      "api_key": [
        {
          "current_key": "AIzaSyAap4c79I9HOa4zpsLEsa0iSgk_hyVEWIY"
        }
      ],
      "services": {
        "appinvite_service": {
          "other_platform_oauth_client": [
            {
              "client_id": "1063382257103-4tkuc6lh60kb1rb6s94j2elgsumvu0h7.apps.googleusercontent.com",
              "client_type": 3
            }
          ]
        }
      }
    }
  ],
  "configuration_version": "1"
}
