{
  "project_info": {
    "project_number": "1025819336809",
    "firebase_url": "https://yakuodo-dev.firebaseio.com",
    "project_id": "yakuodo-dev",
    "storage_bucket": "yakuodo-dev.appspot.com"
  },
  "client": [
    {
      "client_info": {
        "mobilesdk_app_id": "1:1025819336809:android:84d97290f353b8f7",
        "android_client_info": {
          "package_name": "jp.co.yakuodo.android.debug"
        }
      },
      "oauth_client": [
        {
          "client_id": "1025819336809-g32q5ujakhpvdln034344ve0l91fc8l7.apps.googleusercontent.com",
          "client_type": 3
        }
      ],
      "api_key": [
        {
          "current_key": "AIzaSyCfdL_aBJZDjnkSyWHZFd7GevAAa-Y4Jhc"
        }
      ],
      "services": {
        "analytics_service": {
          "status": 1
        },
        "appinvite_service": {
          "status": 1,
          "other_platform_oauth_client": []
        },
        "ads_service": {
          "status": 2
        }
      }
    }
  ],
  "configuration_version": "1"
}