{
  "project_info": {
    "project_number": "867275678656",
    "firebase_url": "https://kusuriaoki-c1c22.firebaseio.com",
    "project_id": "kusuriaoki-c1c22",
    "storage_bucket": "kusuriaoki-c1c22.appspot.com"
  },
  "client": [
    {
      "client_info": {
        "mobilesdk_app_id": "1:867275678656:android:35ceeed2682cf4d1",
        "android_client_info": {
          "package_name": "jp.co.kusuriaoki.android.public"
        }
      },
      "oauth_client": [
        {
          "client_id": "867275678656-b1j58190cjhjscmba0oj46cblmqess19.apps.googleusercontent.com",
          "client_type": 3
        }
      ],
      "api_key": [
        {
          "current_key": "AIzaSyCovv_1sQTfb6bZXqmm2tR3blSi7qbts1U"
        }
      ],
      "services": {
        "appinvite_service": {
          "other_platform_oauth_client": [
            {
              "client_id": "867275678656-b1j58190cjhjscmba0oj46cblmqess19.apps.googleusercontent.com",
              "client_type": 3
            },
            {
              "client_id": "867275678656-nj4hmkju7cb9qeuqhfskc5kj21446f6n.apps.googleusercontent.com",
              "client_type": 2,
              "ios_info": {
                "bundle_id": "jp.co.kusuriaoki.ios.public"
              }
            }
          ]
        }
      }
    }
  ],
  "configuration_version": "1"
}